variant,model,chunks,P@5,R@5,Hit@5,MRR
raw,BM25,13731,0.155,0.535,0.55,0.452
raw,Dense,13731,0.18,0.601,0.65,0.507
raw,Hybrid,13731,0.185,0.668,0.725,0.565
split256,BM25,14630,0.15,0.497,0.525,0.443
split256,Dense,14630,0.17,0.57,0.625,0.501
split256,Hybrid,14630,0.195,0.68,0.725,0.556
split256+merge30,BM25,10009,0.185,0.627,0.65,0.513
split256+merge30,Dense,10009,0.19,0.645,0.725,0.569
split256+merge30,Hybrid,10009,0.21,0.728,0.775,0.635
split512,BM25,13953,0.16,0.56,0.575,0.452
split512,Dense,13953,0.18,0.601,0.65,0.506
split512,Hybrid,13953,0.195,0.686,0.725,0.562
split512+merge30,BM25,9293,0.175,0.622,0.65,0.513
split512+merge30,Dense,9293,0.2,0.676,0.75,0.574
split512+merge30,Hybrid,9293,0.205,0.728,0.775,0.642
